ชื่อเรือ,ความยาว (เลขที่กรอก),ผลลัพธ์ (× 3.2808),บันทึกล่าสุด
AESEN VIGILANT,48,157.478,10:17:55
AG AZZAM,49.95,163.876,10:06:42
ALS SUMIRE,163.66,536.936,11:17:07
BAHTERA INTAN,59.78,196.126,10:26:56
BAHTERA LAZURIT,59.79,196.159,10:52:55
BAHTERA MULIA,65.75,215.713,13:26:29
BAHTERA TIARA,59.78,196.126,13:27:47
BAHTERA ZAMRUD,59.78,196.126,10:27:11
BEACON  ALTAIR,60,196.848,11:19:19
BOS ARES,59.25,194.387,10:01:16
BOS ATLANTA,59.25,194.387,10:39:43
BOS CHALLENGE,65,213.252,13:58:23
BOS CHAMPION,65,213.252,12:28:13
BOURBON LIBERTY 233,59.78,196.126,10:34:36
BRIDGEWATER 61,58.7,192.583,10:18:37
CLEAR FAR,139.92,459.05,11:33:21
CRYSTAL PROCYON+CRYSTAL 236,100.11,328.441,10:06:06
DAYA CERIA,60,196.848,14:04:51
DE PENG,65.3,214.236,10:09:33
DE SUI,65.3,214.236,11:26:19
DONG GUI 20,119.9,393.368,09:48:16
ENA CHALLENGER,61.25,200.949,10:07:07
ENA CONQUEST,65,213.252,10:31:29
ENA CRYSTAL,60,196.848,13:45:44
ERA INDONESIA,58.7,192.583,11:53:23
ERA INDONESIA 1,58.7,192.583,13:08:37
EVAY,67,219.814,10:08:45
FU CHANG,189.94,623.155,14:34:55
GEMIA,65.50,214.892,11:15:53
HAI DUONG 101,65,213.252,10:52:41
HARIN NAVEE 9,90.72,297.634,09:56:02
HONESTAR,189.96,623.221,10:51:02
JIN HANG TUO 9001,79,259.183,11:22:42
JTN 208 + QSA ROYAL 2308,100.346,329.215,10:07:00
KAN TAN 212,74.6,244.748,10:21:34
KEYFIELD COMMANDER,75,246.06,11:11:17
K T P 1,65.40,214.564,11:47:50
LILA BHUM,135.9,445.861,10:33:06
MEO VIGILANT,48,157.478,14:27:14
MERCURY,157.7,517.382,12:21:25
MERMAID SAPPHIRE,63,206.69,10:55:17
MICLYN EMPEROR,58.7,192.583,11:24:52
MICLYN ENERGY,61.25,200.949,10:31:58
MP PREVAIL,72,236.218,10:35:43
MP PROSPECT,70.3,230.64,13:59:08
MP PROWESS,70.3,230.64,11:53:20
MP VALOUR,60,196.848,09:48:46
NADIRA,59.25,194.387,12:21:47
NOTA APP,188.5,618.431,11:27:46
N.RATCHAPREUK,80,262.464,13:24:43
OCEAN HARMONY,100.59,330.016,10:10:42
ORNELLA,171.94,564.101,13:07:01
PARSHAD,190,623.352,10:30:49
PATARAWIN,80,262.464,10:50:56
PILATUS 56,66.11,216.894,10:35:36
RAJAWALI MIRACLE,110.57,362.758,11:43:03
RAWABI 99,45,147.636,09:42:56
RAWABI OPAL,60,196.848,10:38:19
RUHM PERTAMA,58.7,192.583,12:18:40
SANDRO,121.4,398.289,10:22:11
SAPURA WIRA,61.25,200.949,10:55:22
SC BONGKOT,64.8,212.596,10:40:17
SC CHOLRUEDEE,60,196.848,10:00:12
SC EMERALD,58.7,192.583,10:41:20
SC GALAXY,58.5,191.927,10:00:14
SC PAILIN,59.25,194.387,12:57:56
SC WINTER,64.8,212.596,12:18:05
SEACOVE PEARL,38.6,126.639,11:28:11
SINAR BANDUNG,147,482.278,11:25:45
SK ARCTIK,64.8,212.596,12:54:30
SK KINETIK,64.8,212.596,10:37:55
SRI KANCHANADIT,77,252.622,10:06:47
SRI NAKHON,104.93,344.254,10:06:56
SRI PHUNPIN,77,252.622,10:17:09
SURF MANDIRI,55.68,182.675,10:44:51
SYNERGY AURORA,60.50,198.488,11:22:35
TAN CANG 89,67,219.814,10:41:24
TARGET 103,61.8,202.753,10:05:31
TC APOLLO,59.78,196.126,10:41:41
TC GALAXY,65.5,214.892,10:29:40
TC JUPITER,64.8,212.596,13:59:53
TC MERCURY,59,193.567,12:04:40
TC SAPPHIRE,59.9,196.52,12:08:35
TC URANUS,61.20,200.785,09:44:27
UNITHAI CHUMPORN,49.98,163.974,10:12:25
UNIWISE ADVANTAGE,64.8,212.596,10:00:53
UNIWISE ADVENTURE,64.8,212.596,10:31:54
VALLIANZ COMMANDER,76,249.341,10:25:37
VALLIANZ TITAN,72.8,238.842,12:17:22
VIVA COSMOS,189.99,623.319,09:54:38
VOM RUBY,59.25,194.387,10:59:04
XIN HAI TONG 37,189.99,623.319,11:13:38
ZD GEMINI,59.25,194.387,10:36:25
